{
  "calibration": {
    "sample_quotes": 4770,
    "passive_entry_touch_freq": 0.3436058700209644,
    "passive_entry_fill_inferred_freq": 0.2593291404612159,
    "passive_exit_opportunity_freq_given_fill": 0.38237671786580435,
    "forced_taker_exit_frac_given_fill": 0.6176232821341956,
    "time_to_touch_ms": {
      "median": 788.0,
      "p90": 1604.0,
      "p95": 1801.0
    },
    "hold_ms": {
      "median": 3007.0,
      "p90": 6600.0,
      "p95": 6999.0
    },
    "adverse_bps_after_touch_or_fill": {
      "mean": 277.40540650406507,
      "p95": 2222.22
    }
  },
  "per_market": {
    "btc-updown-5m-1774588200": {
      "calibration": {
        "sample_quotes": 981,
        "passive_entry_touch_freq": 0.3598369011213048,
        "passive_entry_fill_inferred_freq": 0.2782874617737003,
        "passive_exit_opportunity_freq_given_fill": 0.34798534798534797,
        "forced_taker_exit_frac_given_fill": 0.652014652014652,
        "time_to_touch_ms": {
          "median": 606.0,
          "p90": 1605.0,
          "p95": 1801.0
        },
        "hold_ms": {
          "median": 2794.0,
          "p90": 6197.0,
          "p95": 6999.0
        },
        "adverse_bps_after_touch_or_fill": {
          "mean": 184.2556043956044,
          "p95": 1584.16
        }
      },
      "scenarios": {
        "optimistic_upper_bound": {
          "ev_bps_per_quote": -46.66521916411825,
          "maker_only_completion_prob": 0.11717635066258922,
          "estimated_forced_taker_rate": 0.18893985728848117,
          "estimated_filled_rate": 0.30611620795107036
        },
        "telemetry_calibrated_estimate": {
          "ev_bps_per_quote": -47.16185524974515,
          "maker_only_completion_prob": 0.09683995922528031,
          "estimated_forced_taker_rate": 0.18144750254841996,
          "estimated_filled_rate": 0.2782874617737003
        },
        "hard_conservative_lower_bound": {
          "ev_bps_per_quote": -49.68772171253822,
          "maker_only_completion_prob": 0.05447247706422017,
          "estimated_forced_taker_rate": 0.15424311926605502,
          "estimated_filled_rate": 0.2087155963302752
        }
      }
    },
    "btc-updown-5m-1774588500": {
      "calibration": {
        "sample_quotes": 1494,
        "passive_entry_touch_freq": 0.46586345381526106,
        "passive_entry_fill_inferred_freq": 0.3467202141900937,
        "passive_exit_opportunity_freq_given_fill": 0.47297297297297297,
        "forced_taker_exit_frac_given_fill": 0.527027027027027,
        "time_to_touch_ms": {
          "median": 610.0,
          "p90": 1597.0,
          "p95": 1793.0
        },
        "hold_ms": {
          "median": 3006.0,
          "p90": 6414.0,
          "p95": 6987.0
        },
        "adverse_bps_after_touch_or_fill": {
          "mean": 325.92005825242717,
          "p95": 2727.27
        }
      },
      "scenarios": {
        "optimistic_upper_bound": {
          "ev_bps_per_quote": -106.83894924682548,
          "maker_only_completion_prob": 0.19842704149933066,
          "estimated_forced_taker_rate": 0.1829651941097724,
          "estimated_filled_rate": 0.38139223560910307
        },
        "telemetry_calibrated_estimate": {
          "ev_bps_per_quote": -107.53051551188571,
          "maker_only_completion_prob": 0.16398929049531458,
          "estimated_forced_taker_rate": 0.18273092369477908,
          "estimated_filled_rate": 0.3467202141900937
        },
        "hard_conservative_lower_bound": {
          "ev_bps_per_quote": -110.7804318438804,
          "maker_only_completion_prob": 0.09224397590361445,
          "estimated_forced_taker_rate": 0.16779618473895583,
          "estimated_filled_rate": 0.2600401606425703
        }
      }
    },
    "btc-updown-5m-1774588800": {
      "calibration": {
        "sample_quotes": 1494,
        "passive_entry_touch_freq": 0.214190093708166,
        "passive_entry_fill_inferred_freq": 0.1606425702811245,
        "passive_exit_opportunity_freq_given_fill": 0.25833333333333336,
        "forced_taker_exit_frac_given_fill": 0.7416666666666667,
        "time_to_touch_ms": {
          "median": 799.0,
          "p90": 1788.0,
          "p95": 1808.0
        },
        "hold_ms": {
          "median": 3292.0,
          "p90": 5809.0,
          "p95": 6601.0
        },
        "adverse_bps_after_touch_or_fill": {
          "mean": 355.4771666666667,
          "p95": 2222.22
        }
      },
      "scenarios": {
        "optimistic_upper_bound": {
          "ev_bps_per_quote": -54.5825702811245,
          "maker_only_completion_prob": 0.05021419009370818,
          "estimated_forced_taker_rate": 0.12649263721552878,
          "estimated_filled_rate": 0.17670682730923695
        },
        "telemetry_calibrated_estimate": {
          "ev_bps_per_quote": -54.84506024096386,
          "maker_only_completion_prob": 0.041499330655957165,
          "estimated_forced_taker_rate": 0.11914323962516735,
          "estimated_filled_rate": 0.1606425702811245
        },
        "hard_conservative_lower_bound": {
          "ev_bps_per_quote": -56.268922356091025,
          "maker_only_completion_prob": 0.023343373493975906,
          "estimated_forced_taker_rate": 0.09713855421686746,
          "estimated_filled_rate": 0.12048192771084337
        }
      }
    },
    "btc-updown-5m-1774589100": {
      "calibration": {
        "sample_quotes": 801,
        "passive_entry_touch_freq": 0.33707865168539325,
        "passive_entry_fill_inferred_freq": 0.2571785268414482,
        "passive_exit_opportunity_freq_given_fill": 0.3446601941747573,
        "forced_taker_exit_frac_given_fill": 0.6553398058252428,
        "time_to_touch_ms": {
          "median": 800.0,
          "p90": 1609.0,
          "p95": 1801.0
        },
        "hold_ms": {
          "median": 3394.0,
          "p90": 6995.0,
          "p95": 7198.0
        },
        "adverse_bps_after_touch_or_fill": {
          "mean": 186.84910891089112,
          "p95": 1604.94
        }
      },
      "scenarios": {
        "optimistic_upper_bound": {
          "ev_bps_per_quote": -43.80079455136526,
          "maker_only_completion_prob": 0.1072534332084894,
          "estimated_forced_taker_rate": 0.17564294631710362,
          "estimated_filled_rate": 0.28289637952559304
        },
        "telemetry_calibrated_estimate": {
          "ev_bps_per_quote": -44.2583226412529,
          "maker_only_completion_prob": 0.08863920099875157,
          "estimated_forced_taker_rate": 0.16853932584269662,
          "estimated_filled_rate": 0.2571785268414482
        },
        "hard_conservative_lower_bound": {
          "ev_bps_per_quote": -46.590563590066886,
          "maker_only_completion_prob": 0.04985955056179776,
          "estimated_forced_taker_rate": 0.1430243445692884,
          "estimated_filled_rate": 0.19288389513108617
        }
      }
    }
  },
  "scenarios": {
    "optimistic_upper_bound": {
      "ev_bps_per_quote": -67.55627837432463,
      "maker_only_completion_prob": 0.11998532494758912,
      "estimated_forced_taker_rate": 0.16527672955974843,
      "estimated_filled_rate": 0.28526205450733755
    },
    "telemetry_calibrated_estimate": {
      "ev_bps_per_quote": -68.03406453784665,
      "maker_only_completion_prob": 0.0991614255765199,
      "estimated_forced_taker_rate": 0.160167714884696,
      "estimated_filled_rate": 0.2593291404612159
    },
    "hard_conservative_lower_bound": {
      "ev_bps_per_quote": -70.40903833239591,
      "maker_only_completion_prob": 0.05577830188679244,
      "estimated_forced_taker_rate": 0.13871855345911951,
      "estimated_filled_rate": 0.19449685534591193
    }
  },
  "notes": [
    "touch_observed and fill_inferred are separated; fill inference is stricter than a single touch.",
    "queue priority, partial fills, and hidden liquidity remain unknowable in dry-run telemetry."
  ]
}